arquivo,texto_referencia
frase01.webm,quero uma camisa preta
frase02.webm,tem calça jeans feminina?
frase03.webm,vocês vendem boné?
frase04.webm,procuro um vestido vermelho pra festa
frase05.webm,me mostra tênis masculino
frase06.webm,queria um short pra academia
frase07.webm,quanto custa essa camisa?
frase08.webm,tem essa em tamanho M?
frase09.webm,qual o preço da calça?
frase10.webm,ela é de algodão?
frase11.webm,quais tamanhos tem desse tênis?
frase12.webm,tem em outra cor?
frase13.webm,onde fica?
frase14.webm,me mostra o mapa
frase15.webm,como eu chego lá?
frase16.webm,qual o corredor da camisa?
frase17.webm,onde é que tá a calça?
frase18.webm,eu quero o mapa
frase19.webm,tchau
frase20.webm,obrigado era só isso
frase21.webm,valeu tchau
frase22.webm,não obrigado
frase23.webm,pode encerrar
frase24.webm,até logo
frase25.webm,posso pagar no pix?
frase26.webm,parcela no cartão?
frase27.webm,qual o horário da loja?
frase28.webm,oi tudo bem?
frase29.webm,que horas são?
frase30.webm,vai chover hoje?
