arquivo;referencia;transcricao;erros_palavras;palavras_referencia;wer;latencia_cliente_s;stt_s;ia_s;tts_s;total_servidor_s;acao;resposta
antonio_frase01.mp3;quero uma camisa preta;Quero uma camisa preta.;0;4;0.0;1.803;0.359;0.687;0.559;1.605;MOSTRAR_PRODUTOS;Encontrei estas opcoes para voce: Camisa Polo Preta Masculina, Camisa Preta Feminina. Alguma delas te agradou?
antonio_frase02.mp3;tem calça jeans feminina?;Tem calça jeans feminina?;0;4;0.0;3.221;1.58;0.718;0.429;2.727;MOSTRAR_PRODUTOS;Encontrei estas opcoes para voce: Calça Flare Feminina, Calça Jeans Feminina. Alguma delas te agradou?
antonio_frase03.mp3;vocês vendem boné?;Vocês vendem boné?;0;3;0.0;2.82;0.279;1.554;0.448;2.281;MOSTRAR_PRODUTOS;Nao encontrei bone vendem. Separei estas opcoes parecidas para voce: Boné Azul, Boné Branco. Alguma delas te agradou?
antonio_frase04.mp3;procuro um vestido vermelho pra festa;Procure um vestido vermelho para a festa.;3;6;0.5;1.672;0.311;0.795;0.334;1.44;MOSTRAR_PRODUTOS;Encontrei esta opcao para voce: Vestido Vermelho Feminino. O que achou?
antonio_frase05.mp3;me mostra tênis masculino;Me mostra tênis masculino.;0;4;0.0;1.244;0.162;0.358;0.501;1.021;MOSTRAR_PRODUTOS;Encontrei estas opcoes para voce: Tênis Branco Masculino, Tênis Preto Masculino, Tênis Verde Masculino. Alguma delas te agradou?
antonio_frase06.mp3;queria um short pra academia;Queria um short pra academia.;0;5;0.0;1.536;0.418;0.415;0.481;1.315;MOSTRAR_PRODUTOS;Encontrei estas opcoes para voce: Bermuda Bege Feminina, Bermuda Jeans Feminina, Bermuda Jeans Masculina. Alguma delas te agradou?
antonio_frase07.mp3;quanto custa essa camisa?;Quanto custa essa camisa?;0;4;0.0;1.703;0.312;0.565;0.616;1.494;MOSTRAR_PRODUTOS;Nao encontrei camisa quanto custa essa. Separei estas opcoes parecidas para voce: Camisa Branca Feminina, Camisa Estampa Carro Masculina, Camisa Marrom Masculina. Alguma delas te agradou?
antonio_frase08.mp3;tem essa em tamanho M?;Tem essa em tamanho n?;1;5;0.2;2.246;0.339;1.29;0.416;2.045;NENHUM;Nenhum produto encontrado no banco de dados com esses termos. Gostaria de procurar outro item?
antonio_frase09.mp3;qual o preço da calça?;Qual o preço da calça?;0;5;0.0;3.282;0.279;1.994;0.503;2.777;MOSTRAR_PRODUTOS;Nao encontrei calca preco. Separei estas opcoes parecidas para voce: Calça Bege Masculina, Calça Flare Feminina, Calça Jeans Feminina. Alguma delas te agradou?
antonio_frase10.mp3;ela é de algodão?;Ela é de algodão?;0;4;0.0;1.994;0.296;1.052;0.437;1.785;NENHUM;Qual peça você está perguntando? Gostaria de saber se é de algodão.
antonio_frase11.mp3;quais tamanhos tem desse tênis?;Quais tamanhos tem desse tênis?;0;5;0.0;2.015;0.252;0.789;0.467;1.508;MOSTRAR_PRODUTOS;Nao encontrei tenis desse. Separei estas opcoes parecidas para voce: Tênis Branco Masculino, Tênis Marrom Feminino, Tênis Preto Masculino. Alguma delas te agradou?
antonio_frase12.mp3;tem em outra cor?;Tem outra cor?;1;4;0.25;2.27;0.629;0.586;0.528;1.743;MOSTRAR_PRODUTOS;Encontrei estas opcoes para voce: Bermuda Bege Feminina, Calça Preta Feminina, Touca Beanie Preta Feminina. Alguma delas te agradou?
antonio_frase13.mp3;onde fica?;Onde fica?;0;2;0.0;1.259;0.241;0.475;0.324;1.041;NENHUM;Qual produto voce gostaria de ver no mapa?
antonio_frase14.mp3;me mostra o mapa;Me mostra o mapa.;0;4;0.0;1.553;0.222;0.412;0.417;1.051;NENHUM;Qual produto voce gostaria de ver no mapa?
antonio_frase15.mp3;como eu chego lá?;Como eu chego lá?;0;4;0.0;1.486;0.223;0.625;0.414;1.262;NENHUM;Qual produto voce gostaria de ver no mapa?
antonio_frase16.mp3;qual o corredor da camisa?;Qual o corredor da camisa?;0;5;0.0;0.825;0.282;0.007;0.34;0.629;ABRIR_MAPA;Certo, vou te mostrar no mapa onde estao os 3 produtos.
antonio_frase17.mp3;onde é que tá a calça?;Onde é que está a calça?;1;6;0.1667;0.883;0.262;0.005;0.415;0.682;ABRIR_MAPA;Certo, vou te mostrar no mapa onde estao os 3 produtos.
antonio_frase18.mp3;eu quero o mapa;Eu quero um mapa.;1;4;0.25;1.545;0.408;0.297;0.337;1.042;NENHUM;Qual produto voce gostaria de ver no mapa?
antonio_frase19.mp3;tchau;Tchau!;0;1;0.0;3.384;0.254;2.409;0.495;3.158;ENCERRAR;Obrigado por usar o Kiosk. Estou encerrando esta sessão e o totem será reiniciado em 10 segundos.
antonio_frase20.mp3;obrigado era só isso;Obrigado, era só isso.;0;4;0.0;1.396;0.255;0.0;0.622;0.878;ENCERRAR;Obrigado por usar o Kiosk. Estou encerrando esta sessão e o totem será reiniciado em 10 segundos.
antonio_frase21.mp3;valeu tchau;Valeu, tchau!;0;2;0.0;1.096;0.327;0.0;0.532;0.86;ENCERRAR;Obrigado por usar o Kiosk. Estou encerrando esta sessão e o totem será reiniciado em 10 segundos.
antonio_frase22.mp3;não obrigado;Não obrigado.;0;2;0.0;0.961;0.243;0.0;0.496;0.74;ENCERRAR;Obrigado por usar o Kiosk. Estou encerrando esta sessão e o totem será reiniciado em 10 segundos.
antonio_frase23.mp3;pode encerrar;Pode encerrar.;0;2;0.0;1.19;0.232;0.0;0.41;0.642;ENCERRAR;Obrigado por usar o Kiosk. Estou encerrando esta sessão e o totem será reiniciado em 10 segundos.
antonio_frase24.mp3;até logo;Até logo!;0;2;0.0;1.027;0.292;0.0;0.509;0.802;ENCERRAR;Obrigado por usar o Kiosk. Estou encerrando esta sessão e o totem será reiniciado em 10 segundos.
antonio_frase25.mp3;posso pagar no pix?;Posso pagar no PITS?;1;4;0.25;0.904;0.284;0.0;0.419;0.703;NENHUM;Sobre pagamento, eu consigo te ajudar melhor com os produtos e a localização deles. Formas como boleto, Pix ou cartão precisam ser confirmadas no caixa da loja.
antonio_frase26.mp3;parcela no cartão?;Parcela no cartão?;0;3;0.0;1.411;0.372;0.0;0.522;0.894;NENHUM;Sobre pagamento, eu consigo te ajudar melhor com os produtos e a localização deles. Formas como boleto, Pix ou cartão precisam ser confirmadas no caixa da loja.
antonio_frase27.mp3;qual o horário da loja?;Qual o horário da loja?;0;5;0.0;5.526;0.429;3.666;1.221;5.316;NENHUM;Estamos abertos de segunda a sábado, das 9h às 19h. Aos domingos a loja fica fechada. Precisa de ajuda com algum produto?
antonio_frase28.mp3;oi tudo bem?;Oi, tudo bem?;0;3;0.0;1.522;0.233;0.635;0.421;1.29;NENHUM;Oi, tudo bem! Como posso ajudar você hoje?
antonio_frase29.mp3;que horas são?;Que horas são?;0;3;0.0;2.133;0.304;0.834;0.775;1.913;NENHUM;Desculpe, não consigo informar a hora. Posso ajudar a encontrar alguma peça de roupa?
antonio_frase30.mp3;vai chover hoje?;Vai chover hoje?;0;3;0.0;6.149;0.254;4.606;0.785;5.645;NENHUM;Desculpe, não tenho essa informação. Posso ajudar com alguma roupa ou acessório?
thalita_frase01.mp3;quero uma camisa preta;Quer uma camisa preta.;1;4;0.25;1.595;0.167;0.745;0.483;1.396;MOSTRAR_PRODUTOS;Encontrei estas opcoes para voce: Camisa Polo Preta Masculina, Camisa Preta Feminina. Alguma delas te agradou?
thalita_frase02.mp3;tem calça jeans feminina?;Tem calça jeans feminina?;0;4;0.0;2.822;0.307;1.396;0.567;2.284;MOSTRAR_PRODUTOS;Encontrei estas opcoes para voce: Calça Flare Feminina, Calça Jeans Feminina. Alguma delas te agradou?
thalita_frase03.mp3;vocês vendem boné?;Vocês vendem boné?;0;3;0.0;1.732;0.164;0.921;0.446;1.531;MOSTRAR_PRODUTOS;Nao encontrei bone vendem. Separei estas opcoes parecidas para voce: Boné Azul, Boné Branco. Alguma delas te agradou?
thalita_frase04.mp3;procuro um vestido vermelho pra festa;Procura um vestido vermelho para a festa.;3;6;0.5;1.32;0.378;0.371;0.32;1.068;MOSTRAR_PRODUTOS;Encontrei esta opcao para voce: Vestido Vermelho Feminino. O que achou?
thalita_frase05.mp3;me mostra tênis masculino;Me mostra tênis masculino.;0;4;0.0;1.937;0.18;1.014;0.55;1.744;MOSTRAR_PRODUTOS;Encontrei estas opcoes para voce: Tênis Branco Masculino, Tênis Preto Masculino, Tênis Verde Masculino. Alguma delas te agradou?
thalita_frase06.mp3;queria um short pra academia;Queria um short para a academia.;2;5;0.4;1.274;0.209;0.314;0.542;1.066;MOSTRAR_PRODUTOS;Encontrei estas opcoes para voce: Bermuda Bege Feminina, Bermuda Jeans Feminina, Bermuda Jeans Masculina. Alguma delas te agradou?
thalita_frase07.mp3;quanto custa essa camisa?;Quanto custa essa camisa?;0;4;0.0;1.873;0.299;0.545;0.489;1.333;MOSTRAR_PRODUTOS;Nao encontrei camisa quanto custa essa. Separei estas opcoes parecidas para voce: Camisa Branca Feminina, Camisa Estampa Carro Masculina, Camisa Marrom Masculina. Alguma delas te agradou?
thalita_frase08.mp3;tem essa em tamanho M?;Tem essa em tamanho M?;0;5;0.0;2.723;0.261;1.635;0.313;2.209;NENHUM;Qual produto você está procurando em tamanho M?
thalita_frase09.mp3;qual o preço da calça?;Qual o preço da calça?;0;5;0.0;2.28;0.745;0.482;0.563;1.79;MOSTRAR_PRODUTOS;Nao encontrei calca preco. Separei estas opcoes parecidas para voce: Calça Bege Masculina, Calça Flare Feminina, Calça Jeans Feminina. Alguma delas te agradou?
thalita_frase10.mp3;ela é de algodão?;Ela é de algodão?;0;4;0.0;3.093;0.99;1.206;0.375;2.572;NENHUM;Qual peça você está perguntando? Gostaria de saber se é de algodão.
thalita_frase11.mp3;quais tamanhos tem desse tênis?;Quais tamanhos tem desse tênis?;0;5;0.0;2.015;0.29;0.644;0.548;1.483;MOSTRAR_PRODUTOS;Nao encontrei tenis desse. Separei estas opcoes parecidas para voce: Tênis Branco Masculino, Tênis Marrom Feminino, Tênis Preto Masculino. Alguma delas te agradou?
thalita_frase12.mp3;tem em outra cor?;Tem outra cor?;1;4;0.25;1.393;0.218;0.537;0.429;1.184;MOSTRAR_PRODUTOS;Encontrei estas opcoes para voce: Bermuda Bege Feminina, Calça Preta Feminina, Touca Beanie Preta Feminina. Alguma delas te agradou?
thalita_frase13.mp3;onde fica?;Onde fica?;0;2;0.0;1.655;0.356;0.458;0.342;1.156;NENHUM;Qual produto voce gostaria de ver no mapa?
thalita_frase14.mp3;me mostra o mapa;Me mostra o mapa.;0;4;0.0;3.444;0.322;2.32;0.322;2.964;NENHUM;Qual produto voce gostaria de ver no mapa?
thalita_frase15.mp3;como eu chego lá?;Como eu chego lá?;0;4;0.0;1.762;0.241;0.498;0.515;1.255;NENHUM;Qual produto voce gostaria de ver no mapa?
thalita_frase16.mp3;qual o corredor da camisa?;Qual o corredor da camisa?;0;5;0.0;2.099;1.507;0.007;0.379;1.893;ABRIR_MAPA;Certo, vou te mostrar no mapa onde estao os 3 produtos.
thalita_frase17.mp3;onde é que tá a calça?;Onde é que tá a calça?;0;6;0.0;0.861;0.253;0.007;0.413;0.674;ABRIR_MAPA;Certo, vou te mostrar no mapa onde estao os 3 produtos.
thalita_frase18.mp3;eu quero o mapa;Eu quero um mapa.;1;4;0.25;1.436;0.529;0.332;0.356;1.217;NENHUM;Qual produto voce gostaria de ver no mapa?
thalita_frase19.mp3;tchau;Tchau.;0;1;0.0;1.209;0.272;0.0;0.404;0.676;ENCERRAR;Obrigado por usar o Kiosk. Estou encerrando esta sessão e o totem será reiniciado em 10 segundos.
thalita_frase20.mp3;obrigado era só isso;Obrigado, era só isso.;0;4;0.0;1.368;0.381;0.0;0.475;0.856;ENCERRAR;Obrigado por usar o Kiosk. Estou encerrando esta sessão e o totem será reiniciado em 10 segundos.
thalita_frase21.mp3;valeu tchau;Valeu, ciao!;1;2;0.5;0.861;0.255;0.0;0.413;0.668;ENCERRAR;Obrigado por usar o Kiosk. Estou encerrando esta sessão e o totem será reiniciado em 10 segundos.
thalita_frase22.mp3;não obrigado;Não obrigado.;0;2;0.0;0.875;0.287;0.0;0.397;0.684;ENCERRAR;Obrigado por usar o Kiosk. Estou encerrando esta sessão e o totem será reiniciado em 10 segundos.
thalita_frase23.mp3;pode encerrar;Pode encerrar.;0;2;0.0;0.729;0.161;0.0;0.374;0.535;ENCERRAR;Obrigado por usar o Kiosk. Estou encerrando esta sessão e o totem será reiniciado em 10 segundos.
thalita_frase24.mp3;até logo;Até logo!;0;2;0.0;1.142;0.247;0.0;0.401;0.649;ENCERRAR;Obrigado por usar o Kiosk. Estou encerrando esta sessão e o totem será reiniciado em 10 segundos.
thalita_frase25.mp3;posso pagar no pix?;Posso pagar no Pix?;0;4;0.0;1.058;0.361;0.0;0.479;0.841;NENHUM;Sobre pagamento, eu consigo te ajudar melhor com os produtos e a localização deles. Formas como boleto, Pix ou cartão precisam ser confirmadas no caixa da loja.
thalita_frase26.mp3;parcela no cartão?;Parcela no cartão?;0;3;0.0;2.031;0.908;0.0;0.59;1.498;NENHUM;Sobre pagamento, eu consigo te ajudar melhor com os produtos e a localização deles. Formas como boleto, Pix ou cartão precisam ser confirmadas no caixa da loja.
thalita_frase27.mp3;qual o horário da loja?;Qual o horário da loja?;0;5;0.0;2.948;0.362;1.575;0.792;2.73;NENHUM;Estamos abertos de segunda a sábado, das 10h às 20h. Precisa de ajuda com algum produto?
thalita_frase28.mp3;oi tudo bem?;Oi, tudo bem?;0;3;0.0;3.836;0.294;2.989;0.359;3.642;NENHUM;Oi! Tudo bem, e você? Como posso ajudar hoje?
thalita_frase29.mp3;que horas são?;Que horas são?;0;3;0.0;10.215;0.218;8.95;0.816;9.996;NENHUM;Desculpe, não consigo informar a hora agora. Posso ajudar com alguma peça de roupa?
thalita_frase30.mp3;vai chover hoje?;Vai chover hoje?;0;3;0.0;2.525;0.264;1.59;0.435;2.289;NENHUM;Desculpe, não tenho essa informação. Posso ajudar com alguma roupa ou acessório?
